{"cameraMode":{"drawMode":0,"name":"Shaded","section":"Shading Mode"},"sceneLighting":true,"audioPlay":false,"sceneViewState":{"m_AlwaysRefresh":false,"showFog":true,"showSkybox":true,"showFlares":true,"showImageEffects":true,"showParticleSystems":true,"showVisualEffectGraphs":true,"m_FxEnabled":true},"in2DMode":false,"pivot":{"x":-1.3208510875701905,"y":0.13702678680419923,"z":1.2410569190979005},"rotation":{"x":0.18650193512439729,"y":-0.331489622592926,"z":0.06702379882335663,"w":0.9224101901054382},"size":3.1273763179779054,"orthographic":false}